demand_segment,n_rows,MAE,RMSE,mean_residual
non_peak,3938.0,50.77517372944633,69.70270890549901,23.643403037929172
peak_90p,438.0,158.76445208796048,173.619769024566,157.92483214977693
